--

insert into models.federal_districts (id, name)
values
    (1, 'Центральный федеральный округ'),
    (2, 'Северо-Западный федеральный округ'),
    (3, 'Южный федеральный округ'),
    (4, 'Северо-Кавказский федеральный округ'),
    (5, 'Приволжский федеральный округ'),
    (6, 'Уральский федеральный округ'),
    (7, 'Сибирский федеральный округ'),
    (8, 'Дальневосточный федеральный округ');

insert into models.federal_subject_types (id, name)
values
    (1, 'Республика'),
    (2, 'Край'),
    (3, 'Область'),
    (4, 'Город федерального значения'),
    (5, 'Автономная область'),
    (6, 'Автономный округ');

insert into models.federal_subjects (id, federal_district_id, federal_subject_type_id, name)
values
    (1, 1, 3, 'Московская область'),
    (2, 2, 4, 'Санкт-Петербург'),
    (3, 2, 3, 'Ленинградская область'),
    (4, 2, 3, 'Мурманская область'),
    (5, 2, 1, 'Республика Карелия'),
    (6, 2, 3, 'Архангельская область'),
    (7, 2, 6, 'Ненецкий автономный округ'),
    (8, 2, 3, 'Калининградская область'),
    (9, 2, 3, 'Псковская область'),
    (10, 2, 3, 'Вологодская область'),
    (11, 2, 3, 'Новгородская область'),
    (12, 1, 3, 'Тверская область'),
    (13, 1, 3, 'Ярославская область'),
    (14, 1, 3, 'Костромская область'),
    (15, 1, 3, 'Ивановская область'),
    (16, 1, 3, 'Владимирская область'),
    (17, 5, 3, 'Нижегородская область'),
    (18, 5, 1, 'Чувашская Республика'),
    (19, 1, 3, 'Смоленская область'),
    (20, 1, 3, 'Брянская область'),
    (21, 1, 3, 'Калужская область'),
    (22, 1, 3, 'Орловская область'),
    (23, 1, 3, 'Курская область'),
    (24, 1, 3, 'Белгородская область'),
    (25, 1, 4, 'Москва'),
    (26, 1, 3, 'Тульская область'),
    (27, 1, 3, 'Липецкая область'),
    (28, 1, 3, 'Рязанская область'),
    (29, 1, 3, 'Тамбовская область'),
    (30, 5, 1, 'Республика Марий Эл'),
    (31, 5, 1, 'Республика Мордовия'),
    (32, 5, 3, 'Пензенская область'),
    (33, 5, 3, 'Ульяновская область'),
    (34, 1, 3, 'Воронежская область'),
    (35, 3, 3, 'Волгородская область'),
    (36, 3, 1, 'Республика Крым'),
    (37, 3, 4, 'Севастополь'),
    (38, 3, 3, 'Ростовская область'),
    (39, 3, 2, 'Краснодарский край'),
    (40, 3, 1, 'Республика Адыгея'),
    (41, 4, 1, 'Карачаево-Черкесская Республика'),
    (42, 4, 1, 'Кабардино-Балкарская Республика'),
    (43, 4, 1, 'Республика Ингушетия'),
    (44, 4, 1, 'Чеченская Республика'),
    (45, 4, 1, 'Республика Сверная Осетия - Алания'),
    (46, 4, 1, 'Республика Дагестан'),
    (47, 4, 2, 'Ставропольский край'),
    (48, 3, 1, 'Республика Калмыкия'),
    (49, 3, 3, 'Астраханская область'),
    (50, 5, 3, 'Самарская область'),
    (51, 5, 3, 'Саратовская область'),
    (52, 5, 1, 'Республика Татарстан'),
    (53, 5, 3, 'Кировская область'),
    (54, 2, 1, 'Республика Коми'),
    (55, 5, 1, 'Удмуртская Республика'),
    (56, 5, 2, 'Пермский край'),
    (57, 5, 1, 'Республика Башкортостан'),
    (58, 5, 3, 'Оренбургская область'),
    (59, 6, 3, 'Свердловская область'),
    (60, 6, 3, 'Чебялинская область'),
    (61, 6, 3, 'Курганская область'),
    (62, 6, 3, 'Тюменская область'),
    (63, 6, 6, 'Ямало-Ненецкий автономный округ'),
    (64, 6, 6, 'Ханты-Мансийский автономный округ - Югра'),
    (65, 7, 3, 'Омская область'),
    (66, 7, 3, 'Томская область'),
    (67, 7, 3, 'Новосибирская область'),
    (68, 7, 3, 'Кемеровская область - Кузбасс'),
    (69, 7, 2, 'Алтайский край'),
    (70, 7, 1, 'Республика Алтай'),
    (71, 7, 1, 'Республика Хакасия'),
    (72, 7, 2, 'Красноярский край'),
    (73, 7, 1, 'Республика Тыва'),
    (74, 7, 3, 'Иркутская область'),
    (75, 7, 1, 'Республика Бурятия'),
    (76, 7, 2, 'Забайкальский край'),
    (77, 8, 1, 'Республика Саха (Якутия)'),
    (78, 8, 3, 'Амурская область'),
    (79, 8, 2, 'Хабаровский край'),
    (80, 8, 5, 'Еврейская автономная область'),
    (81, 8, 2, 'Приморский край'),
    (82, 8, 3, 'Магаданская область'),
    (83, 8, 6, 'Чукотский автономный округ'),
    (84, 8, 3, 'Сахалинская область'),
    (85, 8, 2, 'Камчатский край');

--
